<RSAKeyValue><Modulus>xGKygpqTutBE3DJBmyomzwF1FHE5HWk8fxZmrireXbkRyxYuHEV4Ss8XB9ePmvloan3A4k3Rc+ZNR6SNZM2Oz0Pioxbb7bmV2/ODsvr8LlWRBnjlDP1N4ypgrkZw7JwGyT28aMUjjwMaiXRJzwysZtRdiG3jHywBboVKkbfmKoE=</Modulus><Exponent>AQAB</Exponent><P>3U8YbIdUseOhBMWCseeTT8DjK6aANDE7lGenTxi1AtVf+cspDOXA2Sx+QbZC8r7SJR5tJSiqTLHzrN1xLP0bzw==</P><Q>4ytzLM7OP7122UiuTDDCDVZ+kwHuFQ5R391b9HmTZwgDRWsNW/7cWWm/RLUDqXMb4rN0Yp3yvQib2cUlhN9Yrw==</Q><DP>k4SWrjkjPpSSD2EstjO74SydAMqyqJestEbHopTAi8v5dsNycJNxkhHzcw/v3mlOIMoATQWnRwpTeIX/W9K3xw==</DP><DQ>ayngF08ntKHoIvBKaN7HbAtVgnvymDQ9I2IFMvr3Mi9xe5nYn4FG6VcdR4gsxg7rJLKLQMpJ7CrXeo+p91h1OQ==</DQ><InverseQ>eezZXGSEYw1cSSpsQVJZlcYtBc8bBWPs94lAMvzAhhtacqZppM4EwCJg5SczF7MdRTjBEAB05zYXxevo5aCOSg==</InverseQ><D>PwkfG2TafmBTegp3nIKPKmrhVcpx9srMrE5Ybxc7gQHigDmCW3jA/+IxFkdOxQPBTE1JGFq6HGWT8KcU64I/kB/ZzZBw3YIJQtdQfITb7czz3rgYtSg+YayufNnS9QlU2HQ2RvvtCFlR3b1gbJMN/LBLMysxg2PVM8axzJVHkLE=</D></RSAKeyValue>